,PyRosetta Folding ∆G,PyRosetta Folding ∆∆G,PyRosetta Trimer Binding ∆G,PyRosetta Trimer Binding ∆∆G,PyRosetta Dimer Binding ∆G,PyRosetta Dimer Binding ∆∆G,Viability,,FoldX Folding ∆∆G 
Q3A,-315.3496714,0.845846799,-497.31,5.8,-332.54,-0.86,0,,0.517476
Q3R,-316.0726065,0.122911692,-502.53,0.58,-337.81,-6.13,0,,0.042391
Q3N,-315.5428264,0.652691767,-498.63,4.48,-331.2,0.48,1,,0.536331
Q3D,-315.3367274,0.858790825,-498.72,4.39,-331.84,-0.16,0,,0.608305
Q3C,-314.5309098,1.664608381,-501.26,1.85,-336.15,-4.47,0,,0.387366
Q3E,-316.2141309,-0.018612737,-498.42,4.69,-331.59,0.09,0,,0.317162
Q3G,-317.2258075,-1.030289328,-498.89,4.22,-332.79,-1.11,0,,0.737398
Q3H,-314.7981293,1.397388911,-498.65,4.46,-331.43,0.25,0,,0.648381
Q3I,-317.5843237,-1.388805465,-503.23,-0.12,-338.1,-6.42,0,,0.174335
Q3L,-316.6576837,-0.462165542,-504.83,-1.72,-339.66,-7.98,0,,-0.002556
Q3K,-315.8680252,0.327492993,-501.05,2.06,-335.32,-3.64,0,,0.044188
Q3M,-314.9519782,1.243539952,-506.56,-3.45,-340.4,-8.72,0,,-0.097816
Q3F,-317.5577393,-1.362221143,-503.27,-0.16,-337.88,-6.2,0,,0.00572
Q3P,-318.6694945,-2.473976295,-499.77,3.34,-333.58,-1.9,0,,0.819761
Q3S,-315.4028939,0.792624262,-499.55,3.56,-333.26,-1.58,0,,0.443528
Q3T,-316.6686521,-0.473133851,-499.89,3.22,-334.21,-2.53,0,,0.371038
Q3W,-316.146234,0.049284222,-499.41,3.7,-333.55,-1.87,0,,0.240353
Q3Y,-318.1076593,-1.912141064,-499.85,3.26,-333.94,-2.26,0,,0.168399
Q3V,-317.4683519,-1.272833676,-501.86,1.25,-336.54,-4.86,0,,0.423489
T4A,-316.0361353,0.159382922,-499.21,3.9,-332.27,-0.59,1,,-0.200708
T4R,-317.5341087,-1.338590516,-493.15,9.96,-330.01,1.67,1,,-0.07301
T4N,-316.9860838,-0.790565614,-500.12,2.99,-333.97,-2.29,0,,0.378956
T4D,-316.6080423,-0.412524079,-497.02,6.09,-331.5,0.18,0,,1.620408
T4C,-314.7539873,1.441530869,-500.36,2.75,-334.42,-2.74,0,,-0.262461
T4Q,-318.0068003,-1.811282125,-495.72,7.39,-330.55,1.13,0,,-0.00304
T4E,-317.9057233,-1.710205109,-501.28,1.83,-335.85,-4.17,1,,1.152941
T4G,-314.6280188,1.567499417,-496.82,6.29,-330.93,0.75,1,,0.385236
T4H,-317.106038,-0.910519781,-500,3.11,-333.31,-1.63,1,,0.645042
T4I,-317.77221,-1.576691819,-501.08,2.03,-335.43,-3.75,0,,-0.58182
T4L,-320.1567465,-3.961228347,-503.98,-0.87,-336.35,-4.67,1,,-1.282788
T4K,-317.4786836,-1.283165422,-499.87,3.24,-332.33,-0.65,0,,-0.501605
T4M,-317.3367034,-1.141185153,-503.96,-0.85,-336.77,-5.09,0,,-1.333174
T4F,-315.7451,0.450418225,-501.76,1.35,-335.95,-4.27,0,,-0.900192
T4P,-319.1675406,-2.972022402,-487.12,15.99,-329.05,2.63,0,,0.057077
T4S,-316.4037265,-0.208208335,-497.95,5.16,-331.91,-0.23,0,,0.308755
T4W,-315.0275289,1.167989304,-500.5,2.61,-334.28,-2.6,1,,0.368684
T4Y,-317.1409213,-0.945403103,-493.82,9.29,-330.41,1.27,0,,-0.409255
T4V,-317.4344934,-1.238975151,-498.88,4.23,-332,-0.32,1,,-0.619968
R8V,-310.833897,5.361621216,-501.19,1.92,-324.24,7.44,1,,2.505802
R8Y,-312.9344546,3.261063619,-503.58,-0.47,-332.42,-0.74,1,,4.836055
R8W,-311.5244521,4.671066077,-504.26,-1.15,-333.41,-1.73,0,,4.98444
R8T,-312.1899792,4.005538989,-499.47,3.64,-323.83,7.85,1,,2.372724
R8P,-312.7348222,3.460696023,-503.3,-0.19,-330.76,0.92,1,,5.555499
R8F,-312.2736556,3.921862649,-503.26,-0.15,-329.13,2.55,1,,3.535749
R8K,-315.4452639,0.750254254,-502.46,0.65,-327.85,3.83,0,,0.100151
R8L,-315.176511,1.019007182,-503.76,-0.65,-330.46,1.22,1,,-0.3035
R8I,-305.9769373,10.21858091,-501.65,1.46,-326.28,5.4,1,,2.344545
R8E,-312.6077818,3.587736445,-500.13,2.98,-324.71,6.97,0,,2.027294
R8Q,-313.1296103,3.065907898,-502.99,0.12,-327.86,3.82,1,,0.930239
R8C,-311.7468372,4.448681012,-503.14,-0.03,-329.7,1.98,1,,0.749028
R8N,-314.3925784,1.802939782,-494.74,8.37,-319.44,12.24,1,,0.985693
R8A,-314.0400611,2.155457091,-500.42,2.69,-324.05,7.63,1,,1.238327
R8S,-313.8143885,2.381129664,-500.24,2.87,-323.68,8,1,,1.542872
R8M,-312.5635332,3.631985038,-503.59,-0.48,-332,-0.32,1,,-0.416324
R8H,-313.4340993,2.761418949,-500.05,3.06,-323.45,8.23,1,,3.205923
R8G,-311.0694477,5.126070475,-498.57,4.54,-322.66,9.02,0,,1.051098
R8D,-313.6506575,2.544860687,-496.19,6.92,-320.02,11.66,0,,2.428523
S11A,-316.4473174,-0.251799205,-511.22,-8.11,-328.76,2.92,1,,0.111623
S11R,-315.5462512,0.649267045,-505.8,-2.69,-325.63,6.05,0,,-0.190976
S11N,-315.3940863,0.801431889,-510.82,-7.71,-327.86,3.82,0,,0.276976
S11D,-315.6106251,0.584893141,-508.13,-5.02,-325.73,5.95,0,,0.432955
S11C,-314.3848762,1.810642045,-512.65,-9.54,-330.62,1.06,1,,0.141887
S11Q,-315.9682416,0.227276596,-510.72,-7.61,-327.02,4.66,0,,0.10872
S11E,-316.7026089,-0.507090736,-509.23,-6.12,-326.03,5.65,0,,0.296574
S11G,-315.9460058,0.249512439,-509.19,-6.08,-325.94,5.74,1,,0.294846
S11H,-316.1611626,0.034355577,-502.91,0.2,-325.46,6.22,0,,0.332236
S11I,-315.0332598,1.162258416,-515.55,-12.44,-333.56,-1.88,0,,0.685835
S11L,-314.4917862,1.70373201,-513.25,-10.14,-331.41,0.27,0,,-0.144534
S11K,-316.7594857,-0.563967533,-509.84,-6.73,-327.15,4.53,0,,-0.118725
S11M,-316.341628,-0.146109843,-515.61,-12.5,-333.78,-2.1,0,,-0.391612
S11F,-314.1124166,2.083101644,-503.04,0.07,-325.41,6.27,0,,-0.090627
S11P,-320.361249,-4.165730756,-516.51,-13.4,-334.92,-3.24,1,,0.422618
S11T,-316.6313289,-0.435810656,-512.27,-9.16,-329.46,2.22,1,,0.424707
S11W,-313.5660734,2.629444767,-502.4,0.71,-324.68,7,0,,0.131783
S11Y,-314.7152603,1.480257881,-501.22,1.89,-324.92,6.76,0,,0.020633
S11V,-314.4178371,1.777681081,-515.22,-12.11,-332.75,-1.07,0,,0.68883
S15V,-315.6951898,0.500328413,-502.98,0.13,-330.21,1.47,0,,-0.662822
S15T,-316.4992742,-0.303755968,-496.3,6.81,-327.56,4.12,1,,-0.208255
S15P,-311.3097292,4.88578902,-502.4,0.71,-328.12,3.56,0,,0.62986
S15F,-310.0570915,6.138426701,-471.74,31.37,-313.16,18.52,0,,-0.886443
S15M,-314.8120525,1.383465729,-484.89,18.22,-328.95,2.73,0,,-1.895224
S15L,-315.8547674,0.340750782,-496.25,6.86,-327.73,3.95,0,,-1.283776
S15I,-315.321809,0.873709208,-492.27,10.84,-334.54,-2.86,0,,-0.962396
S15E,-316.5323306,-0.336812447,-492.64,10.47,-330.09,1.59,0,,-0.450992
S15Q,-316.6299365,-0.434418275,-492.76,10.35,-326.19,5.49,0,,-0.732511
S15C,-314.1751155,2.020402736,-502.22,0.89,-335.34,-3.66,1,,-0.587083
S15D,-312.9037559,3.291762273,-497.57,5.54,-329.52,2.16,0,,0.157756
S15R,-314.440725,1.75479321,-480.81,22.3,-328.29,3.39,0,,-1.120572
S15A,-316.3244266,-0.128908428,-500.52,2.59,-327.74,3.94,1,,-0.359269
S15Y,-310.8681956,5.327322584,-465.06,38.05,-309.63,22.05,0,,-0.70835
S15W,-313.1697031,3.025815099,-430.27,72.84,-290.47,41.21,0,,-0.834131
S15H,-314.2292843,1.96623394,-494.69,8.42,-321.64,10.04,0,,-0.15819
S15G,-312.8895603,3.305957945,-496.49,6.62,-324.23,7.45,0,,0.380013
S15N,-314.2399071,1.955611118,-498.07,5.04,-328.57,3.11,0,,-0.028774
S15K,-316.6094394,-0.413921159,-483.05,20.06,-322.91,8.77,0,,-1.246503
T41A,-314.3452375,1.850280738,-496.02,7.09,-326.25,5.43,1,,1.141497
T41R,-312.0987091,4.09680909,-460.85,42.26,-324.17,7.51,0,,0.850065
T41N,-312.631891,3.563627164,-497.79,5.32,-324.48,7.2,1,,1.557308
T41D,-312.3535078,3.842010432,-495.19,7.92,-323.72,7.96,0,,2.378999
T41C,-314.3179287,1.877589463,-498.25,4.86,-327.62,4.06,1,,0.826071
T41Q,-313.6567332,2.538784966,-497.11,6,-330.44,1.24,0,,1.166166
T41E,-313.5977112,2.597806954,-496.63,6.48,-327.07,4.61,0,,1.647091
T41G,-310.9040705,5.291447728,-492.71,10.4,-326.53,5.15,0,,2.178854
T41H,-307.4290282,8.766489989,-480.03,23.08,-316.48,15.2,0,,3.685052
T41I,-315.6668199,0.528698325,-504.98,-1.87,-332.5,-0.82,0,,0.417659
T41L,-314.9741644,1.221353848,-499.36,3.75,-322.71,8.97,0,,0.121471
T41K,-311.1161214,5.079396774,-485.92,17.19,-326.26,5.42,0,,0.469069
T41M,-313.9945757,2.200942516,-497.35,5.76,-318.74,12.94,0,,-0.164106
T41F,-295.6443505,20.55116774,-454.19,48.92,-276.72,54.96,0,,2.162531
T41P,-292.1937643,24.00175395,-502.38,0.73,-326.07,5.61,0,,3.059864
T41S,-314.6550128,1.540505392,-499.93,3.18,-323.92,7.76,1,,1.112696
T41W,-301.0483272,15.14719104,-420.23,82.88,-270.15,61.53,0,,3.930848
T41Y,-291.7397362,24.45578201,-436.65,66.46,-263.44,68.24,0,,3.475185
T41V,-318.2647609,-2.069242665,-501.89,1.22,-324.15,7.53,0,,0.16077
Y43V,-314.4591762,1.736342031,-496.82,6.29,-320.49,11.19,1,,1.117991
Y43T,-312.4611238,3.734394376,-497.17,5.94,-326.16,5.52,1,,1.117905
Y43S,-314.3732924,1.822225837,-497.16,5.95,-328.18,3.5,1,,1.430806
Y43P,-280.7750149,35.42050327,-495.25,7.86,-318.82,12.86,0,,3.385225
Y43M,-312.9339389,3.261579311,-501.58,1.53,-330.86,0.82,1,,0.341829
Y43L,-314.1662744,2.029243813,-498.66,4.45,-330.12,1.56,1,,0.391188
Y43G,-311.5762548,4.61926341,-494.86,8.25,-315.32,16.36,1,,2.298872
Y43Q,-313.4598427,2.735675539,-497.09,6.02,-329.09,2.59,1,,1.187012
Y43D,-311.9187887,4.276729499,-497.59,5.52,-324.66,7.02,1,,2.897836
Y43N,-311.5453784,4.650139753,-497.33,5.78,-326.75,4.93,1,,2.059347
Y43F,-313.1464185,3.049099727,-499.04,4.07,-329.63,2.05,1,,0.34715
Y43K,-314.2317508,1.963767405,-498.09,5.02,-330.1,1.58,1,,0.598662
Y43H,-313.2278375,2.96768068,-497.69,5.42,-328.44,3.24,1,,1.665948
Y43E,-313.5858694,2.609648848,-497.23,5.88,-328.05,3.63,1,,1.390032
Y43A,-314.0139633,2.181554875,-498.47,4.64,-326.49,5.19,1,,1.519086
Y43W,-310.9371822,5.258336037,-502.94,0.17,-330.76,0.92,1,,1.128113
Y43C,-314.2416809,1.953837258,-499.97,3.14,-328.9,2.78,1,,1.385894
Y43R,-313.0427148,3.152803366,-497.42,5.69,-324.84,6.84,1,,0.808417
Y43I,-313.4937558,2.701762355,-499.02,4.09,-330.24,1.44,1,,0.860441
D45A,-311.768849,4.426669227,-499.64,3.47,-330.68,1,1,,1.078734
D45R,-311.5873105,4.608207651,-503.28,-0.17,-334.16,-2.48,1,,0.536944
D45N,-315.0356134,1.159904753,-493.98,9.13,-329.63,2.05,1,,0.843175
D45C,-309.8209509,6.374567308,-500.74,2.37,-331.51,0.17,1,,0.912878
D45Q,-311.6335468,4.561971355,-502.84,0.27,-333.95,-2.27,1,,0.649128
D45E,-312.7333228,3.462195404,-499.63,3.48,-330.4,1.28,1,,0.438849
D45G,-310.6262558,5.569262394,-498.89,4.22,-329.2,2.48,1,,1.269007
D45H,-312.9969248,3.198593359,-500.85,2.26,-332.48,-0.8,1,,0.868055
D45I,-310.6837353,5.511782938,-511.21,-8.1,-339.14,-7.46,1,,0.840552
D45L,-308.4971134,7.698404757,-510.28,-7.17,-338.56,-6.88,1,,0.391932
D45K,-312.626393,3.569125248,-505.31,-2.2,-335.17,-3.49,1,,0.400029
D45M,-310.2575435,5.93797471,-513.57,-10.46,-340.87,-9.19,1,,0.408103
D45F,-311.765322,4.430196153,-510.13,-7.02,-338.51,-6.83,1,,0.462394
D45P,-294.4994923,21.69602594,-502.04,1.07,-332.53,-0.85,1,,0.702349
D45S,-314.2312673,1.964250941,-501.3,1.81,-332.65,-0.97,1,,0.895121
D45T,-313.0774921,3.118026131,-505.01,-1.9,-335.38,-3.7,1,,1.104386
D45W,-306.36081,9.834708151,-506.49,-3.38,-336.18,-4.5,1,,1.139037
D45Y,-313.6952658,2.500252362,-508.65,-5.54,-336.81,-5.13,1,,0.555221
D45V,-311.5483898,4.647128373,-509.3,-6.19,-337.33,-5.65,1,,1.000575
V72A,-314.1871672,2.008350952,-500.37,2.74,-331.25,0.43,0,,1.288193
V72R,-314.5546683,1.640849928,-495.28,7.83,-324.17,7.51,0,,1.091876
V72N,-313.3182235,2.877294731,-499.98,3.13,-330.48,1.2,0,,1.498061
V72D,-312.8592893,3.336228898,-497.67,5.44,-323.72,7.96,0,,1.341473
V72C,-313.3381745,2.857343691,-497.66,5.45,-327.62,4.06,1,,1.124233
V72Q,-315.572093,0.623425185,-498.56,4.55,-330.44,1.24,0,,0.973565
V72E,-315.4657378,0.729780417,-497.33,5.78,-327.07,4.61,0,,0.9278
V72G,-311.5689658,4.626552394,-498.49,4.62,-326.53,5.15,0,,2.620356
V72H,-313.6905728,2.504945384,-496.17,6.94,-320.48,11.2,0,,1.633608
V72I,-316.0966083,0.098909881,-500.6,2.51,-332.5,-0.82,1,,-0.462328
V72L,-313.3990928,2.796425412,-498.04,5.07,-322.71,8.97,1,,-0.443571
V72K,-315.4025371,0.792981081,-498.17,4.94,-326.26,5.42,0,,0.692989
V72M,-315.3411444,0.854373756,-498.65,4.46,-326.74,4.94,0,,-0.413001
V72F,-313.7554237,2.440094462,-498.45,4.66,-324.72,6.96,0,,0.020706
V72P,-310.6651695,5.530348663,-499.31,3.8,-328.07,3.61,0,,-0.070198
V72S,-313.9795875,2.21593072,-497.87,5.24,-323.92,7.76,0,,2.155545
V72T,-316.1203563,0.07516192,-499.56,3.55,-329.15,2.53,0,,1.164284
V72W,-316.1267088,0.06880942,-492.35,10.76,-310.02,21.66,0,,0.509641
V72Y,-313.9722429,2.223275283,-495.44,7.67,-324.15,7.53,0,,0.320558
S74V,-306.1974904,9.998027828,-502.55,0.56,-327.85,3.83,0,,0.296268
S74Y,-294.8666338,21.32888438,-413.26,89.85,-282.6,49.08,0,,10.276616
S74W,-271.0677139,45.12780433,-467.42,35.69,-311.31,20.37,0,,13.42537
S74T,-314.6704736,1.525044612,-502.28,0.83,-328.86,2.82,1,,0.554576
S74P,-276.5878731,39.60764506,-491.94,11.17,-320.24,11.44,0,,2.498553
S74F,-293.3811967,22.81432153,-415.33,87.78,-281.73,49.95,0,,7.76231
S74M,-315.4207036,0.774814571,-499.61,3.5,-324.82,6.86,0,,0.683745
S74L,-301.2893986,14.90611964,-488.54,14.57,-317.16,14.52,0,,1.385145
S74I,-290.5095937,25.68592451,-490.22,12.89,-320.92,10.76,0,,1.270407
S74H,-311.5558205,4.639697666,-469.42,33.69,-310.22,21.46,0,,9.04699
S74G,-314.5539121,1.641606106,-499.03,4.08,-325.57,6.11,0,,1.126051
S74N,-314.5092514,1.686266775,-502.21,0.9,-322.44,9.24,0,,2.719677
S74R,-315.8209315,0.37458674,-486.08,17.03,-315.44,16.24,0,,5.190013
S74A,-318.679027,-2.483508831,-503.47,-0.36,-331.75,-0.07,0,,-0.277723
S74K,-309.2349904,6.960527802,-485.76,17.35,-326.38,5.3,0,,3.403552
S74Q,-319.2393068,-3.043788579,-494.5,8.61,-325.86,5.82,0,,3.347005
S74C,-317.4120325,-1.21651434,-508.49,-5.38,-331.54,0.14,0,,-0.334808
S74D,-313.5192468,2.676271441,-499.6,3.51,-323.49,8.19,0,,4.367234
S74E,-318.3278385,-2.132320257,-498.5,4.61,-325.99,5.69,0,,4.143247
A80Y,-306.0372736,10.15824462,-457.73,45.38,-288.19,43.49,0,,0.901001
A80W,-289.5099992,26.68551898,-459.97,43.14,-291.65,40.03,0,,1.745156
A80T,-314.0435747,2.151943526,-498.11,5,-328.29,3.39,1,,0.480443
A80P,-290.1043414,26.09117677,-494.82,8.29,-324.24,7.44,0,,3.004245
A80F,-306.1553983,10.04011994,-486.29,16.82,-299.27,32.41,0,,0.781391
A80M,-309.6054511,6.590067067,-502,1.11,-324.85,6.83,0,,-0.65568
A80K,-302.9688766,13.22664161,-498.64,4.47,-328.06,3.62,0,,-0.309303
A80L,-291.5201652,24.67535305,-493.62,9.49,-327.37,4.31,0,,-0.270131
A80H,-309.3694161,6.826102124,-488.78,14.33,-324.96,6.72,0,,1.186033
A80Q,-311.6817284,4.513789825,-497.07,6.04,-326.48,5.2,0,,0.050801
A80C,-314.7746545,1.42086373,-501.53,1.58,-328.96,2.72,1,,0.017232
A80D,-308.4536747,7.741843463,-498.45,4.66,-327.75,3.93,0,,1.605694
A80N,-312.0192248,4.176293444,-501.44,1.67,-330.18,1.5,1,,0.908997
A80S,-314.5775329,1.617985345,-497.29,5.82,-331.54,0.14,1,,0.300321
A80I,-291.4658472,24.72967097,-492.43,10.68,-320.32,11.36,1,,0.190817
A80G,-312.3272187,3.86829948,-501.39,1.72,-331.18,0.5,1,,0.837939
A80E,-311.568811,4.6267072,-499.31,3.8,-323.77,7.91,0,,0.322084
A80R,-304.0358476,12.15967061,-490.71,12.4,-326.02,5.66,0,,-0.045509
A80V,-304.5414977,11.65402049,-496.8,6.31,-315.65,16.03,1,,0.207208
F81A,-306.4389728,9.756545371,-489.56,13.55,-328.53,3.15,0,,5.292229
F81R,-298.8083252,17.38719295,-494.57,8.54,-332.07,-0.39,0,,5.364359
F81N,-306.9773369,9.21818131,-505.2,-2.09,-333.8,-2.12,0,,4.878858
F81D,-305.2237467,10.97177147,-515.97,-12.86,-337.88,-6.2,0,,6.81486
F81C,-306.2569851,9.938533134,-495.29,7.82,-325.89,5.79,0,,4.670747
F81Q,-306.0612761,10.13424213,-494.01,9.1,-326.15,5.53,0,,5.07143
F81E,-304.9346095,11.26090871,-510.22,-7.11,-335.61,-3.93,0,,5.99822
F81G,-302.2788276,13.91669064,-510.26,-7.15,-335.47,-3.79,0,,6.250293
F81H,-310.5540006,5.641517557,-494.49,8.62,-329.25,2.43,0,,3.766686
F81I,-292.5205549,23.67496329,-495.75,7.36,-325.68,6,1,,4.612501
F81L,-308.1272408,8.068277433,-490.89,12.22,-330.54,1.14,1,,2.761609
F81K,-306.0056286,10.18988958,-492.35,10.76,-321.99,9.69,0,,4.793959
F81M,-308.7306884,7.464829801,-482.76,20.35,-324.3,7.38,1,,1.73298
F81P,-279.8356378,36.35988041,-449.94,53.17,-309.31,22.37,0,,6.339903
F81S,-306.2038079,9.991710342,-510.36,-7.25,-334.42,-2.74,0,,5.347836
F81T,-306.8040878,9.391430431,-489.63,13.48,-331.04,0.64,0,,5.133932
F81W,-313.4160206,2.779497631,-505.32,-2.21,-331.1,0.58,1,,1.282407
F81Y,-314.885327,1.310191231,-497.28,5.83,-332.03,-0.35,1,,1.154187
F81V,-308.1744069,8.021111291,-493.46,9.65,-327.93,3.75,0,,4.534481
F88A,-314.444553,1.750965158,-501.21,1.9,-330.4,1.28,1,,1.312682
F88R,-314.506908,1.688610153,-499.13,3.98,-328.12,3.56,1,,0.741948
F88N,-315.0222045,1.173313734,-497.35,5.76,-327.53,4.15,0,,1.389104
F88D,-315.0407305,1.154787693,-496.69,6.42,-327.17,4.51,0,,1.366067
F88C,-313.054338,3.141180157,-496.35,6.76,-331.68,0,1,,1.2493
F88Q,-315.7208382,0.474679962,-495.98,7.13,-329.76,1.92,0,,0.976606
F88E,-316.0843111,0.111207089,-490.23,12.88,-324.21,7.47,0,,0.988904
F88G,-313.3745138,2.821004352,-494.86,8.25,-327.31,4.37,1,,1.55309
F88H,-314.6171333,1.57838488,-498.94,4.17,-330.85,0.83,1,,1.440297
F88I,-314.1326823,2.062835937,-502.17,0.94,-331.01,0.67,1,,0.906886
F88L,-315.3600891,0.8354291,-499.38,3.73,-328.89,2.79,1,,0.50085
F88K,-316.0083043,0.187213908,-496.91,6.2,-327.65,4.03,0,,0.57406
F88M,-313.9134434,2.282074834,-503.97,-0.86,-331.79,-0.11,0,,-0.05228
F88P,-295.5101782,20.68534001,-500.88,2.23,-329.67,2.01,1,,2.639192
F88S,-315.5907482,0.604769957,-495.56,7.55,-326.67,5.01,1,,1.316012
F88T,-315.0221773,1.173340855,-497.61,5.5,-329.11,2.57,1,,1.291101
F88W,-312.640113,3.555405242,-506.5,-3.39,-332.08,-0.4,1,,-0.009106
F88Y,-314.8367326,1.358785591,-503.7,-0.59,-331.08,0.6,1,,0.635432
F88V,-314.7194452,1.476073035,-502.06,1.05,-331.04,0.64,1,,1.308236
A106T,-317.7091633,-1.513645077,-498.97,4.14,-328.26,3.42,1,,-0.278438
A106F,-317.4388789,-1.243360737,-502.93,0.18,-330.59,1.09,1,,-0.445448
A106I,-318.4417299,-2.246211731,-501.15,1.96,-333.88,-2.2,1,,-0.127919
A106G,-313.3788119,2.816706285,-498.66,4.45,-328.21,3.47,1,,0.249725
A106Q,-316.9666773,-0.7711591,-501.31,1.8,-332.39,-0.71,1,,-0.40576
A106C,-315.0839148,1.111603447,-494.56,8.55,-326.73,4.95,1,,-0.089565
A106D,-317.5228175,-1.327299298,-498.34,4.77,-327.99,3.69,1,,-0.135929
A106N,-317.6515704,-1.456052193,-500.55,2.56,-332.97,-1.29,1,,-0.089458
A106V,-318.15228,-1.956761829,-503.79,-0.68,-332.33,-0.65,1,,-0.12751
A106Y,-317.8793105,-1.683792264,-505.84,-2.73,-333.89,-2.21,1,,-0.441958
A106W,-315.3078184,0.887699806,-508.1,-4.99,-335.78,-4.1,1,,-0.517205
A106M,-315.7838822,0.41163598,-510.24,-7.13,-337.84,-6.16,1,,-0.286714
A106L,-317.6419271,-1.446408888,-504.76,-1.65,-330.94,0.74,1,,-0.122881
A106H,-317.3135138,-1.117995571,-497.4,5.71,-330.63,1.05,1,,-0.082299
A106E,-317.9541673,-1.758649089,-502.91,0.2,-332.14,-0.46,1,,-0.184941
A106R,-316.6223408,-0.426822615,-508.28,-5.17,-336.56,-4.88,1,,-0.636573
A106P,-299.0061063,17.18941188,-496.86,6.25,-326.24,5.44,1,,1.387937
A106S,-317.4474401,-1.25192185,-493.25,9.86,-325.13,6.55,1,,-0.16042
A106K,-317.7488482,-1.553329989,-502.31,0.8,-329.21,2.47,0,,-0.525087
D117V,-313.721902,2.473616194,-503.85,-0.74,-325.7,5.98,1,,0.116748
D117Y,-319.4378738,-3.242355638,-502.74,0.37,-324.7,6.98,1,,-0.326267
D117W,-314.961448,1.234070156,-495.82,7.29,-318.56,13.12,1,,-0.178482
D117T,-315.9912633,0.20425492,-503.35,-0.24,-326.38,5.3,1,,0.008661
D117S,-317.6785824,-1.483064179,-502.07,1.04,-328.82,2.86,1,,-0.189784
D117F,-318.830573,-2.635054762,-503.63,-0.52,-326.93,4.75,1,,-0.377866
D117K,-318.3404988,-2.144980562,-498.13,4.98,-321.37,10.31,0,,-0.182841
D117L,-317.5518999,-1.356381656,-505.83,-2.72,-328.95,2.73,1,,-0.134418
D117Q,-317.9395246,-1.744006413,-501.86,1.25,-325.52,6.16,1,,-0.088302
D117C,-315.140692,1.054826209,-503.8,-0.69,-326.7,4.98,1,,-0.184271
D117A,-317.1148317,-0.919313451,-504.51,-1.4,-327.65,4.03,1,,-0.077583
D117P,-298.5746809,17.62083728,-505.8,-2.69,-326.77,4.91,0,,2.965672
D117H,-319.504115,-3.308596764,-502.01,1.1,-323.76,7.92,1,,0.021643
D117E,-318.2100144,-2.014496201,-497.22,5.89,-320.44,11.24,1,,-0.112597
D117N,-318.2639016,-2.068383362,-502.29,0.82,-326.21,5.47,1,,-0.082609
D117M,-316.6308102,-0.435292022,-505.07,-1.96,-329.86,1.82,1,,-0.383515
D117I,-311.779924,4.415594168,-504.51,-1.4,-328.67,3.01,1,,0.064772
D117R,-317.874183,-1.67866482,-501.42,1.69,-328.77,2.91,0,,-0.278871
D117G,-315.6962516,0.499266608,-500.43,2.68,-322.96,8.72,1,,-0.187247
G119A,-317.6748187,-1.47930047,-496.71,6.4,-330.96,0.72,1,,3.830556
G119R,-317.8125822,-1.61706402,-494.58,8.53,-328.04,3.64,1,,7.599047
G119N,-317.9328395,-1.73732131,-497.51,5.6,-329.41,2.27,1,,8.494518
G119D,-317.6943428,-1.498824573,-495.36,7.75,-329.11,2.57,0,,9.202783
G119C,-315.3185967,0.876921549,-498.57,4.54,-332.5,-0.82,1,,5.218951
G119Q,-318.1741195,-1.978601255,-498.97,4.14,-329.94,1.74,1,,7.800104
G119E,-318.5373016,-2.341783418,-496.76,6.35,-329.73,1.95,1,,8.488228
G119H,-318.0564517,-1.860933548,-500.18,2.93,-332.66,-0.98,1,,10.77818
G119I,-316.1361862,0.059331984,-499.65,3.46,-332.14,-0.46,1,,11.827086
G119L,-318.3621696,-2.166651433,-490.4,12.71,-326.49,5.19,1,,8.1534
G119K,-318.7457124,-2.550194229,-498.3,4.81,-331.2,0.48,1,,6.892133
G119M,-316.8948915,-0.699373308,-499.26,3.85,-330.73,0.95,1,,6.61164
G119F,-316.6161906,-0.420672434,-498.43,4.68,-328.66,3.02,1,,9.86253
G119P,-297.3394959,18.85602226,-500.26,2.85,-334.62,-2.94,1,,7.951366
G119S,-318.1544299,-1.958911683,-500.75,2.36,-336.3,-4.62,1,,5.83606
G119T,-317.4220128,-1.226494646,-491.01,12.1,-327.66,4.02,1,,9.417406
G119W,-314.6174967,1.578021457,-499.43,3.68,-330.34,1.34,1,,11.723528
G119Y,-317.2579265,-1.062408346,-490.01,13.1,-325.17,6.51,1,,9.966362
G119V,-315.4856827,0.709835475,-500.3,2.81,-333.14,-1.46,1,,9.619024
V123H,-276.0614751,40.13404309,-471.26,31.85,-311.39,20.29,0,,6.191339
V123A,-311.3218475,4.873670714,-493.21,9.9,-328.58,3.1,1,,2.486527
V123L,-303.052294,13.14322419,-497.84,5.27,-324.48,7.2,1,,1.328314
V123I,-309.9797593,6.215758949,-499.29,3.82,-328.49,3.19,1,,-0.614643
V123M,-287.6416067,28.55391153,-491.76,11.35,-318.45,13.23,0,,0.85536
V123P,-280.3642765,35.83124174,-479.74,23.37,-308.78,22.9,0,,4.666029
V123Y,-195.5837853,120.6117329,-413.6,89.51,-264.8,66.88,0,,8.260723
V123R,-268.5002813,47.69523687,-460.26,42.85,-303.91,27.77,0,,8.053877
V123N,-309.6294836,6.56603458,-494.06,9.05,-327.49,4.19,1,,3.511737
V123D,-306.7417775,9.453740747,-575.14,-72.03,-319.77,11.91,0,,4.802621
V123C,-311.8213418,4.374176395,-494.72,8.39,-321.63,10.05,1,,1.769808
V123Q,-300.1562128,16.03930541,-495.57,7.54,-327.26,4.42,0,,3.795098
V123E,-302.1385985,14.05691972,-493.02,10.09,-325.01,6.67,0,,4.309518
V123G,-306.0518176,10.14370061,-485.46,17.65,-321.68,10,1,,3.928454
V123K,-276.773571,39.42194718,-470.4,32.71,-301.91,29.77,0,,5.510379
V123F,-214.2332401,101.9622781,-434.26,68.85,-286.92,44.76,0,,6.615148
V123S,-310.5736611,5.621857128,-493.35,9.76,-323.05,8.63,1,,2.618646
V123T,-312.5725501,3.622968114,-496.4,6.71,-323.67,8.01,1,,1.19009
V123W,61.99264374,378.1881619,-363.38,139.73,-220.97,110.71,0,,16.491008
D125A,-307.5351182,8.660399996,-498.33,4.78,-330.68,1,0,,1.671311
D125R,-293.748402,22.44711619,-466.92,36.19,-316.15,15.53,0,,3.406639
D125N,-306.023642,10.17187618,-510.56,-7.45,-340.81,-9.13,0,,1.555628
D125C,-304.9801792,11.21533899,-500.59,2.52,-330.77,0.91,0,,1.364656
D125Q,-300.7688018,15.4267164,-496.69,6.42,-325.83,5.85,0,,3.193237
D125E,-304.9929149,11.20260325,-520.19,-17.08,-349.87,-18.19,0,,2.554691
D125G,-304.5566799,11.63883829,-497,6.11,-328.33,3.35,0,,2.014573
D125H,-304.9679079,11.22761028,-500.68,2.43,-338.46,-6.78,0,,3.061404
D125I,-297.6356608,18.5598574,-498.64,4.47,-324.79,6.89,0,,2.225672
D125L,-255.8164299,60.37908827,-495.69,7.42,-322.55,9.13,0,,2.579359
D125K,-290.9565473,25.23897086,-500.6,2.51,-329.53,2.15,0,,2.66811
D125M,-301.3350885,14.86042967,-497.12,5.99,-322.58,9.1,0,,1.34113
D125F,-10.89921055,305.2963076,-490.24,12.87,-319.86,11.82,0,,0.698555
D125P,-197.1838047,119.0117135,-490.23,12.88,-320.57,11.11,0,,4.416913
D125S,-306.9031845,9.292333715,-499.42,3.69,-328.65,3.03,0,,1.328111
D125T,-301.5375998,14.65791842,-502.09,1.02,-339.07,-7.39,0,,2.292121
D125W,-303.6490739,12.54644426,-500.36,2.75,-330.65,1.03,0,,2.625651
D125Y,-306.5560558,9.639462446,-490.17,12.94,-326.49,5.19,0,,1.135885
D125V,-297.6078188,18.58769943,-504.76,-1.65,-339.49,-7.81,0,,1.488852
T128A,-317.1337369,-0.938218721,-505.76,-2.65,-331.65,0.03,1,,0.186537
T128R,-316.982571,-0.787052805,-503.14,-0.03,-328.27,3.41,0,,-0.496946
T128N,-317.8007722,-1.605254048,-505.35,-2.24,-330.83,0.85,1,,0.077748
T128D,-316.6548001,-0.4592819,-503.26,-0.15,-329.03,2.65,0,,0.103587
T128C,-316.947889,-0.752370764,-506.49,-3.38,-332.97,-1.29,1,,-0.052696
T128Q,-317.776182,-1.580663772,-504.23,-1.12,-330.05,1.63,0,,-0.294271
T128E,-318.5521621,-2.356643868,-504.23,-1.12,-330.04,1.64,0,,-0.498122
T128G,-314.7238008,1.471717447,-502.23,0.88,-328.17,3.51,0,,0.686007
T128H,-317.3127432,-1.11722497,-504.03,-0.92,-329.27,2.41,0,,0.036281
T128I,-318.6523823,-2.45686405,-508.86,-5.75,-334.62,-2.94,0,,-0.79752
T128L,-316.5582207,-0.362702482,-507.8,-4.69,-333.45,-1.77,0,,-1.089947
T128K,-318.0800367,-1.884518482,-504.35,-1.24,-330.34,1.34,0,,-0.723677
T128M,-318.5807044,-2.385186222,-508.08,-4.97,-333.6,-1.92,0,,-1.260556
T128F,-317.3697883,-1.174270146,-503.37,-0.26,-329.02,2.66,0,,-0.53614
T128P,-317.7783414,-1.582823235,-506.57,-3.46,-333.15,-1.47,0,,-0.688623
T128S,-318.0176847,-1.82216647,-503.89,-0.78,-329.64,2.04,1,,0.405298
T128W,-318.9294266,-2.733908425,-501.47,1.64,-327.31,4.37,0,,-0.606987
T128Y,-317.9832401,-1.787721871,-501,2.11,-327.74,3.94,0,,-0.457368
T128V,-318.7383422,-2.542823962,-508.68,-5.57,-334.39,-2.71,1,,-0.257974
I129A,-308.0931764,8.102341829,-492.29,10.82,-319.75,11.93,1,,4.262193
I129R,-290.4792116,25.71630662,-470.93,32.18,-318.15,13.53,0,,6.671654
I129N,-307.3364069,8.85911129,-494.56,8.55,-321.15,10.53,0,,3.815556
I129D,-304.9521187,11.24339946,-487.61,15.5,-319.67,12.01,0,,4.866404
I129C,-309.702759,6.492759193,-490.7,12.41,-320.75,10.93,1,,3.271492
I129Q,-306.5116029,9.683915273,-494.75,8.36,-328.38,3.3,0,,3.075326
I129E,-305.247092,10.94842616,-491.2,11.91,-322.18,9.5,0,,4.470881
I129G,-302.8723884,13.32312977,-483.6,19.51,-321.39,10.29,0,,5.893029
I129H,-287.5049659,28.69055231,-479.85,23.26,-311.01,20.67,1,,3.951201
I129L,-309.8777958,6.317722354,-498.67,4.44,-326.51,5.17,1,,0.478432
I129K,-294.8362477,21.35927053,-487.08,16.03,-312.52,19.16,0,,4.581279
I129M,-311.7134018,4.482116436,-488.15,14.96,-321.23,10.45,1,,0.304176
I129F,-236.782638,79.41288025,-486.28,16.83,-325.18,6.5,1,,3.076933
I129P,-281.3448191,34.85069909,-485.32,17.79,-315.81,15.87,0,,7.191202
I129S,-307.7879767,8.407541512,-487.5,15.61,-327.51,4.17,1,,4.823677
I129T,-310.878815,5.316703172,-491.98,11.13,-325.19,6.49,1,,3.347604
I129W,-179.5709887,136.6245295,-399.25,103.86,-259.2,72.48,0,,8.297274
I129Y,-210.6176637,105.5778545,-393.49,109.62,-267.46,64.22,0,,5.238801
I129V,-315.0990273,1.096490923,-497.4,5.71,-327.82,3.86,1,,1.107036
S148A,-317.4293708,-1.23385261,-520.34,-17.23,-342.55,-10.87,1,,-0.164227
S148R,-299.5057842,16.68973401,-492.03,11.08,-332.05,-0.37,0,,4.57261
S148N,-295.3734919,20.82202629,-501.19,1.92,-335.17,-3.49,0,,3.106566
S148D,-294.0106267,22.18489145,-505.14,-2.03,-337.93,-6.25,1,,4.376245
S148C,-308.277864,7.917654195,-520.98,-17.87,-343.33,-11.65,1,,0.684378
S148Q,-298.4068092,17.78870902,-500.36,2.75,-334.15,-2.47,0,,4.471147
S148E,-285.9691781,30.22634015,-505.26,-2.15,-337.76,-6.08,0,,4.34519
S148G,-314.4183601,1.777158084,-520.92,-17.81,-344.3,-12.62,1,,0.277369
S148H,-306.3557463,9.839771911,-480.58,22.53,-325.49,6.19,0,,7.892337
S148I,-305.1984523,10.99706595,-505.5,-2.39,-338.05,-6.37,0,,6.838776
S148L,-257.789144,58.40637418,-490.61,12.5,-330.27,1.41,1,,5.178543
S148K,-295.1662018,21.02931637,-495.4,7.71,-332.15,-0.47,0,,4.081828
S148M,-296.858097,19.3374212,-500.19,2.92,-333.84,-2.16,1,,2.50666
S148F,-259.282544,56.91297423,-489.8,13.31,-328.9,2.78,0,,7.066829
S148P,-218.6892931,97.50622512,-510.06,-6.95,-339.75,-8.07,0,,8.730094
S148T,-313.2685529,2.926965342,-512.06,-8.95,-340.56,-8.88,1,,4.575213
S148W,-297.231181,18.9643372,-490.6,12.51,-329.89,1.79,0,,9.513721
S148Y,-305.3225904,10.87292783,-490.75,12.36,-331.79,-0.11,0,,7.832499
S148V,-305.6515421,10.54397606,-510.08,-6.97,-339.2,-7.52,0,,4.959451
